,is_marker,is_mitochondrial
BANK1,True,False
BATF3,True,False
BLK,True,False
CD14,True,False
CD160,True,False
CD19,True,False
CD1C,True,False
CD22,True,False
CD3D,True,False
CD3E,True,False
CD3G,True,False
CD4,True,False
CD68,True,False
CD79A,True,False
CD79B,True,False
CD8A,True,False
CD8B,True,False
CLEC10A,True,False
CSF1R,True,False
FCER1A,True,False
FCGR3A,True,False
FCN1,True,False
GNLY,True,False
GZMB,True,False
HLA-DQA1,True,False
HLA-DRA,True,False
IGHD,True,False
IGHM,True,False
IL3RA,True,False
IL7R,True,False
IRF8,True,False
ITGAM,True,False
ITGAX,True,False
KLRB1,True,False
KLRD1,True,False
KLRK1,True,False
LEF1,True,False
LILRA4,True,False
LYZ,True,False
MS4A1,True,False
NCAM1,True,False
NKG7,True,False
PAX5,True,False
PRF1,True,False
S100A8,True,False
S100A9,True,False
TCF7,True,False
TRAC,True,False
VCAN,True,False
GENE_0000,False,False
GENE_0001,False,False
GENE_0002,False,False
GENE_0003,False,False
GENE_0004,False,False
GENE_0005,False,False
GENE_0006,False,False
GENE_0007,False,False
GENE_0008,False,False
GENE_0009,False,False
GENE_0010,False,False
GENE_0011,False,False
GENE_0012,False,False
GENE_0013,False,False
GENE_0014,False,False
GENE_0015,False,False
GENE_0016,False,False
GENE_0017,False,False
GENE_0018,False,False
GENE_0019,False,False
GENE_0020,False,False
GENE_0021,False,False
GENE_0022,False,False
GENE_0023,False,False
GENE_0024,False,False
GENE_0025,False,False
GENE_0026,False,False
GENE_0027,False,False
GENE_0028,False,False
GENE_0029,False,False
GENE_0030,False,False
GENE_0031,False,False
GENE_0032,False,False
GENE_0033,False,False
GENE_0034,False,False
GENE_0035,False,False
GENE_0036,False,False
GENE_0037,False,False
GENE_0038,False,False
GENE_0039,False,False
GENE_0040,False,False
GENE_0041,False,False
GENE_0042,False,False
GENE_0043,False,False
GENE_0044,False,False
GENE_0045,False,False
GENE_0046,False,False
GENE_0047,False,False
GENE_0048,False,False
GENE_0049,False,False
GENE_0050,False,False
GENE_0051,False,False
GENE_0052,False,False
GENE_0053,False,False
GENE_0054,False,False
GENE_0055,False,False
GENE_0056,False,False
GENE_0057,False,False
GENE_0058,False,False
GENE_0059,False,False
GENE_0060,False,False
GENE_0061,False,False
GENE_0062,False,False
GENE_0063,False,False
GENE_0064,False,False
GENE_0065,False,False
GENE_0066,False,False
GENE_0067,False,False
GENE_0068,False,False
GENE_0069,False,False
GENE_0070,False,False
GENE_0071,False,False
GENE_0072,False,False
GENE_0073,False,False
GENE_0074,False,False
GENE_0075,False,False
GENE_0076,False,False
GENE_0077,False,False
GENE_0078,False,False
GENE_0079,False,False
GENE_0080,False,False
GENE_0081,False,False
GENE_0082,False,False
GENE_0083,False,False
GENE_0084,False,False
GENE_0085,False,False
GENE_0086,False,False
GENE_0087,False,False
GENE_0088,False,False
GENE_0089,False,False
GENE_0090,False,False
GENE_0091,False,False
GENE_0092,False,False
GENE_0093,False,False
GENE_0094,False,False
GENE_0095,False,False
GENE_0096,False,False
GENE_0097,False,False
GENE_0098,False,False
GENE_0099,False,False
GENE_0100,False,False
GENE_0101,False,False
GENE_0102,False,False
GENE_0103,False,False
GENE_0104,False,False
GENE_0105,False,False
GENE_0106,False,False
GENE_0107,False,False
GENE_0108,False,False
GENE_0109,False,False
GENE_0110,False,False
GENE_0111,False,False
GENE_0112,False,False
GENE_0113,False,False
GENE_0114,False,False
GENE_0115,False,False
GENE_0116,False,False
GENE_0117,False,False
GENE_0118,False,False
GENE_0119,False,False
GENE_0120,False,False
GENE_0121,False,False
GENE_0122,False,False
GENE_0123,False,False
GENE_0124,False,False
GENE_0125,False,False
GENE_0126,False,False
GENE_0127,False,False
GENE_0128,False,False
GENE_0129,False,False
GENE_0130,False,False
GENE_0131,False,False
GENE_0132,False,False
GENE_0133,False,False
GENE_0134,False,False
GENE_0135,False,False
GENE_0136,False,False
GENE_0137,False,False
GENE_0138,False,False
GENE_0139,False,False
GENE_0140,False,False
GENE_0141,False,False
GENE_0142,False,False
GENE_0143,False,False
GENE_0144,False,False
GENE_0145,False,False
GENE_0146,False,False
GENE_0147,False,False
GENE_0148,False,False
GENE_0149,False,False
GENE_0150,False,False
GENE_0151,False,False
GENE_0152,False,False
GENE_0153,False,False
GENE_0154,False,False
GENE_0155,False,False
GENE_0156,False,False
GENE_0157,False,False
GENE_0158,False,False
GENE_0159,False,False
GENE_0160,False,False
GENE_0161,False,False
GENE_0162,False,False
GENE_0163,False,False
GENE_0164,False,False
GENE_0165,False,False
GENE_0166,False,False
GENE_0167,False,False
GENE_0168,False,False
GENE_0169,False,False
GENE_0170,False,False
GENE_0171,False,False
GENE_0172,False,False
GENE_0173,False,False
GENE_0174,False,False
GENE_0175,False,False
GENE_0176,False,False
GENE_0177,False,False
GENE_0178,False,False
GENE_0179,False,False
GENE_0180,False,False
GENE_0181,False,False
GENE_0182,False,False
GENE_0183,False,False
GENE_0184,False,False
GENE_0185,False,False
GENE_0186,False,False
GENE_0187,False,False
GENE_0188,False,False
GENE_0189,False,False
GENE_0190,False,False
GENE_0191,False,False
GENE_0192,False,False
GENE_0193,False,False
GENE_0194,False,False
GENE_0195,False,False
GENE_0196,False,False
GENE_0197,False,False
GENE_0198,False,False
GENE_0199,False,False
GENE_0200,False,False
GENE_0201,False,False
GENE_0202,False,False
GENE_0203,False,False
GENE_0204,False,False
GENE_0205,False,False
GENE_0206,False,False
GENE_0207,False,False
GENE_0208,False,False
GENE_0209,False,False
GENE_0210,False,False
GENE_0211,False,False
GENE_0212,False,False
GENE_0213,False,False
GENE_0214,False,False
GENE_0215,False,False
GENE_0216,False,False
GENE_0217,False,False
GENE_0218,False,False
GENE_0219,False,False
GENE_0220,False,False
GENE_0221,False,False
GENE_0222,False,False
GENE_0223,False,False
GENE_0224,False,False
GENE_0225,False,False
GENE_0226,False,False
GENE_0227,False,False
GENE_0228,False,False
GENE_0229,False,False
GENE_0230,False,False
GENE_0231,False,False
GENE_0232,False,False
GENE_0233,False,False
GENE_0234,False,False
GENE_0235,False,False
GENE_0236,False,False
GENE_0237,False,False
GENE_0238,False,False
GENE_0239,False,False
GENE_0240,False,False
GENE_0241,False,False
GENE_0242,False,False
GENE_0243,False,False
GENE_0244,False,False
GENE_0245,False,False
GENE_0246,False,False
GENE_0247,False,False
GENE_0248,False,False
GENE_0249,False,False
GENE_0250,False,False
GENE_0251,False,False
GENE_0252,False,False
GENE_0253,False,False
GENE_0254,False,False
GENE_0255,False,False
GENE_0256,False,False
GENE_0257,False,False
GENE_0258,False,False
GENE_0259,False,False
GENE_0260,False,False
GENE_0261,False,False
GENE_0262,False,False
GENE_0263,False,False
GENE_0264,False,False
GENE_0265,False,False
GENE_0266,False,False
GENE_0267,False,False
GENE_0268,False,False
GENE_0269,False,False
GENE_0270,False,False
GENE_0271,False,False
GENE_0272,False,False
GENE_0273,False,False
GENE_0274,False,False
GENE_0275,False,False
GENE_0276,False,False
GENE_0277,False,False
GENE_0278,False,False
GENE_0279,False,False
GENE_0280,False,False
GENE_0281,False,False
GENE_0282,False,False
GENE_0283,False,False
GENE_0284,False,False
GENE_0285,False,False
GENE_0286,False,False
GENE_0287,False,False
GENE_0288,False,False
GENE_0289,False,False
GENE_0290,False,False
GENE_0291,False,False
GENE_0292,False,False
GENE_0293,False,False
GENE_0294,False,False
GENE_0295,False,False
GENE_0296,False,False
GENE_0297,False,False
GENE_0298,False,False
GENE_0299,False,False
GENE_0300,False,False
GENE_0301,False,False
GENE_0302,False,False
GENE_0303,False,False
GENE_0304,False,False
GENE_0305,False,False
GENE_0306,False,False
GENE_0307,False,False
GENE_0308,False,False
GENE_0309,False,False
GENE_0310,False,False
GENE_0311,False,False
GENE_0312,False,False
GENE_0313,False,False
GENE_0314,False,False
GENE_0315,False,False
GENE_0316,False,False
GENE_0317,False,False
GENE_0318,False,False
GENE_0319,False,False
GENE_0320,False,False
GENE_0321,False,False
GENE_0322,False,False
GENE_0323,False,False
GENE_0324,False,False
GENE_0325,False,False
GENE_0326,False,False
GENE_0327,False,False
GENE_0328,False,False
GENE_0329,False,False
GENE_0330,False,False
GENE_0331,False,False
GENE_0332,False,False
GENE_0333,False,False
GENE_0334,False,False
GENE_0335,False,False
GENE_0336,False,False
GENE_0337,False,False
GENE_0338,False,False
GENE_0339,False,False
GENE_0340,False,False
GENE_0341,False,False
GENE_0342,False,False
GENE_0343,False,False
GENE_0344,False,False
GENE_0345,False,False
GENE_0346,False,False
GENE_0347,False,False
GENE_0348,False,False
GENE_0349,False,False
GENE_0350,False,False
GENE_0351,False,False
GENE_0352,False,False
GENE_0353,False,False
GENE_0354,False,False
GENE_0355,False,False
GENE_0356,False,False
GENE_0357,False,False
GENE_0358,False,False
GENE_0359,False,False
GENE_0360,False,False
GENE_0361,False,False
GENE_0362,False,False
GENE_0363,False,False
GENE_0364,False,False
GENE_0365,False,False
GENE_0366,False,False
GENE_0367,False,False
GENE_0368,False,False
GENE_0369,False,False
GENE_0370,False,False
GENE_0371,False,False
GENE_0372,False,False
GENE_0373,False,False
GENE_0374,False,False
GENE_0375,False,False
GENE_0376,False,False
GENE_0377,False,False
GENE_0378,False,False
GENE_0379,False,False
GENE_0380,False,False
GENE_0381,False,False
GENE_0382,False,False
GENE_0383,False,False
GENE_0384,False,False
GENE_0385,False,False
GENE_0386,False,False
GENE_0387,False,False
GENE_0388,False,False
GENE_0389,False,False
GENE_0390,False,False
GENE_0391,False,False
GENE_0392,False,False
GENE_0393,False,False
GENE_0394,False,False
GENE_0395,False,False
GENE_0396,False,False
GENE_0397,False,False
GENE_0398,False,False
GENE_0399,False,False
GENE_0400,False,False
GENE_0401,False,False
GENE_0402,False,False
GENE_0403,False,False
GENE_0404,False,False
GENE_0405,False,False
GENE_0406,False,False
GENE_0407,False,False
GENE_0408,False,False
GENE_0409,False,False
GENE_0410,False,False
GENE_0411,False,False
GENE_0412,False,False
GENE_0413,False,False
GENE_0414,False,False
GENE_0415,False,False
GENE_0416,False,False
GENE_0417,False,False
GENE_0418,False,False
GENE_0419,False,False
GENE_0420,False,False
GENE_0421,False,False
GENE_0422,False,False
GENE_0423,False,False
GENE_0424,False,False
GENE_0425,False,False
GENE_0426,False,False
GENE_0427,False,False
GENE_0428,False,False
GENE_0429,False,False
GENE_0430,False,False
GENE_0431,False,False
GENE_0432,False,False
GENE_0433,False,False
GENE_0434,False,False
GENE_0435,False,False
GENE_0436,False,False
GENE_0437,False,False
GENE_0438,False,False
GENE_0439,False,False
GENE_0440,False,False
GENE_0441,False,False
GENE_0442,False,False
GENE_0443,False,False
GENE_0444,False,False
GENE_0445,False,False
GENE_0446,False,False
GENE_0447,False,False
GENE_0448,False,False
GENE_0449,False,False
GENE_0450,False,False
GENE_0451,False,False
GENE_0452,False,False
GENE_0453,False,False
GENE_0454,False,False
GENE_0455,False,False
GENE_0456,False,False
GENE_0457,False,False
GENE_0458,False,False
GENE_0459,False,False
GENE_0460,False,False
GENE_0461,False,False
GENE_0462,False,False
GENE_0463,False,False
GENE_0464,False,False
GENE_0465,False,False
GENE_0466,False,False
GENE_0467,False,False
GENE_0468,False,False
GENE_0469,False,False
GENE_0470,False,False
GENE_0471,False,False
GENE_0472,False,False
GENE_0473,False,False
GENE_0474,False,False
GENE_0475,False,False
GENE_0476,False,False
GENE_0477,False,False
GENE_0478,False,False
GENE_0479,False,False
GENE_0480,False,False
GENE_0481,False,False
GENE_0482,False,False
GENE_0483,False,False
GENE_0484,False,False
GENE_0485,False,False
GENE_0486,False,False
GENE_0487,False,False
GENE_0488,False,False
GENE_0489,False,False
GENE_0490,False,False
GENE_0491,False,False
GENE_0492,False,False
GENE_0493,False,False
GENE_0494,False,False
GENE_0495,False,False
GENE_0496,False,False
GENE_0497,False,False
GENE_0498,False,False
GENE_0499,False,False
GENE_0500,False,False
GENE_0501,False,False
GENE_0502,False,False
GENE_0503,False,False
GENE_0504,False,False
GENE_0505,False,False
GENE_0506,False,False
GENE_0507,False,False
GENE_0508,False,False
GENE_0509,False,False
GENE_0510,False,False
GENE_0511,False,False
GENE_0512,False,False
GENE_0513,False,False
GENE_0514,False,False
GENE_0515,False,False
GENE_0516,False,False
GENE_0517,False,False
GENE_0518,False,False
GENE_0519,False,False
GENE_0520,False,False
GENE_0521,False,False
GENE_0522,False,False
GENE_0523,False,False
GENE_0524,False,False
GENE_0525,False,False
GENE_0526,False,False
GENE_0527,False,False
GENE_0528,False,False
GENE_0529,False,False
GENE_0530,False,False
GENE_0531,False,False
GENE_0532,False,False
GENE_0533,False,False
GENE_0534,False,False
GENE_0535,False,False
GENE_0536,False,False
GENE_0537,False,False
GENE_0538,False,False
GENE_0539,False,False
GENE_0540,False,False
GENE_0541,False,False
GENE_0542,False,False
GENE_0543,False,False
GENE_0544,False,False
GENE_0545,False,False
GENE_0546,False,False
GENE_0547,False,False
GENE_0548,False,False
GENE_0549,False,False
GENE_0550,False,False
GENE_0551,False,False
GENE_0552,False,False
GENE_0553,False,False
GENE_0554,False,False
GENE_0555,False,False
GENE_0556,False,False
GENE_0557,False,False
GENE_0558,False,False
GENE_0559,False,False
GENE_0560,False,False
GENE_0561,False,False
GENE_0562,False,False
GENE_0563,False,False
GENE_0564,False,False
GENE_0565,False,False
GENE_0566,False,False
GENE_0567,False,False
GENE_0568,False,False
GENE_0569,False,False
GENE_0570,False,False
GENE_0571,False,False
GENE_0572,False,False
GENE_0573,False,False
GENE_0574,False,False
GENE_0575,False,False
GENE_0576,False,False
GENE_0577,False,False
GENE_0578,False,False
GENE_0579,False,False
GENE_0580,False,False
GENE_0581,False,False
GENE_0582,False,False
GENE_0583,False,False
GENE_0584,False,False
GENE_0585,False,False
GENE_0586,False,False
GENE_0587,False,False
GENE_0588,False,False
GENE_0589,False,False
GENE_0590,False,False
GENE_0591,False,False
GENE_0592,False,False
GENE_0593,False,False
GENE_0594,False,False
GENE_0595,False,False
GENE_0596,False,False
GENE_0597,False,False
GENE_0598,False,False
GENE_0599,False,False
GENE_0600,False,False
GENE_0601,False,False
GENE_0602,False,False
GENE_0603,False,False
GENE_0604,False,False
GENE_0605,False,False
GENE_0606,False,False
GENE_0607,False,False
GENE_0608,False,False
GENE_0609,False,False
GENE_0610,False,False
GENE_0611,False,False
GENE_0612,False,False
GENE_0613,False,False
GENE_0614,False,False
GENE_0615,False,False
GENE_0616,False,False
GENE_0617,False,False
GENE_0618,False,False
GENE_0619,False,False
GENE_0620,False,False
GENE_0621,False,False
GENE_0622,False,False
GENE_0623,False,False
GENE_0624,False,False
GENE_0625,False,False
GENE_0626,False,False
GENE_0627,False,False
GENE_0628,False,False
GENE_0629,False,False
GENE_0630,False,False
GENE_0631,False,False
GENE_0632,False,False
GENE_0633,False,False
GENE_0634,False,False
GENE_0635,False,False
GENE_0636,False,False
GENE_0637,False,False
GENE_0638,False,False
GENE_0639,False,False
GENE_0640,False,False
GENE_0641,False,False
GENE_0642,False,False
GENE_0643,False,False
GENE_0644,False,False
GENE_0645,False,False
GENE_0646,False,False
GENE_0647,False,False
GENE_0648,False,False
GENE_0649,False,False
GENE_0650,False,False
GENE_0651,False,False
GENE_0652,False,False
GENE_0653,False,False
GENE_0654,False,False
GENE_0655,False,False
GENE_0656,False,False
GENE_0657,False,False
GENE_0658,False,False
GENE_0659,False,False
GENE_0660,False,False
GENE_0661,False,False
GENE_0662,False,False
GENE_0663,False,False
GENE_0664,False,False
GENE_0665,False,False
GENE_0666,False,False
GENE_0667,False,False
GENE_0668,False,False
GENE_0669,False,False
GENE_0670,False,False
GENE_0671,False,False
GENE_0672,False,False
GENE_0673,False,False
GENE_0674,False,False
GENE_0675,False,False
GENE_0676,False,False
GENE_0677,False,False
GENE_0678,False,False
GENE_0679,False,False
GENE_0680,False,False
GENE_0681,False,False
GENE_0682,False,False
GENE_0683,False,False
GENE_0684,False,False
GENE_0685,False,False
GENE_0686,False,False
GENE_0687,False,False
GENE_0688,False,False
GENE_0689,False,False
GENE_0690,False,False
GENE_0691,False,False
GENE_0692,False,False
GENE_0693,False,False
GENE_0694,False,False
GENE_0695,False,False
GENE_0696,False,False
GENE_0697,False,False
GENE_0698,False,False
GENE_0699,False,False
GENE_0700,False,False
GENE_0701,False,False
GENE_0702,False,False
GENE_0703,False,False
GENE_0704,False,False
GENE_0705,False,False
GENE_0706,False,False
GENE_0707,False,False
GENE_0708,False,False
GENE_0709,False,False
GENE_0710,False,False
GENE_0711,False,False
GENE_0712,False,False
GENE_0713,False,False
GENE_0714,False,False
GENE_0715,False,False
GENE_0716,False,False
GENE_0717,False,False
GENE_0718,False,False
GENE_0719,False,False
GENE_0720,False,False
GENE_0721,False,False
GENE_0722,False,False
GENE_0723,False,False
GENE_0724,False,False
GENE_0725,False,False
GENE_0726,False,False
GENE_0727,False,False
GENE_0728,False,False
GENE_0729,False,False
GENE_0730,False,False
GENE_0731,False,False
GENE_0732,False,False
GENE_0733,False,False
GENE_0734,False,False
GENE_0735,False,False
GENE_0736,False,False
GENE_0737,False,False
GENE_0738,False,False
GENE_0739,False,False
GENE_0740,False,False
GENE_0741,False,False
GENE_0742,False,False
GENE_0743,False,False
GENE_0744,False,False
GENE_0745,False,False
GENE_0746,False,False
GENE_0747,False,False
GENE_0748,False,False
GENE_0749,False,False
GENE_0750,False,False
GENE_0751,False,False
GENE_0752,False,False
GENE_0753,False,False
GENE_0754,False,False
GENE_0755,False,False
GENE_0756,False,False
GENE_0757,False,False
GENE_0758,False,False
GENE_0759,False,False
GENE_0760,False,False
GENE_0761,False,False
GENE_0762,False,False
GENE_0763,False,False
GENE_0764,False,False
GENE_0765,False,False
GENE_0766,False,False
GENE_0767,False,False
GENE_0768,False,False
GENE_0769,False,False
GENE_0770,False,False
GENE_0771,False,False
GENE_0772,False,False
GENE_0773,False,False
GENE_0774,False,False
GENE_0775,False,False
GENE_0776,False,False
GENE_0777,False,False
GENE_0778,False,False
GENE_0779,False,False
GENE_0780,False,False
GENE_0781,False,False
GENE_0782,False,False
GENE_0783,False,False
GENE_0784,False,False
GENE_0785,False,False
GENE_0786,False,False
GENE_0787,False,False
GENE_0788,False,False
GENE_0789,False,False
GENE_0790,False,False
GENE_0791,False,False
GENE_0792,False,False
GENE_0793,False,False
GENE_0794,False,False
GENE_0795,False,False
GENE_0796,False,False
GENE_0797,False,False
GENE_0798,False,False
GENE_0799,False,False
GENE_0800,False,False
GENE_0801,False,False
GENE_0802,False,False
GENE_0803,False,False
GENE_0804,False,False
GENE_0805,False,False
GENE_0806,False,False
GENE_0807,False,False
GENE_0808,False,False
GENE_0809,False,False
GENE_0810,False,False
GENE_0811,False,False
GENE_0812,False,False
GENE_0813,False,False
GENE_0814,False,False
GENE_0815,False,False
GENE_0816,False,False
GENE_0817,False,False
GENE_0818,False,False
GENE_0819,False,False
GENE_0820,False,False
GENE_0821,False,False
GENE_0822,False,False
GENE_0823,False,False
GENE_0824,False,False
GENE_0825,False,False
GENE_0826,False,False
GENE_0827,False,False
GENE_0828,False,False
GENE_0829,False,False
GENE_0830,False,False
GENE_0831,False,False
GENE_0832,False,False
GENE_0833,False,False
GENE_0834,False,False
GENE_0835,False,False
GENE_0836,False,False
GENE_0837,False,False
GENE_0838,False,False
GENE_0839,False,False
GENE_0840,False,False
GENE_0841,False,False
GENE_0842,False,False
GENE_0843,False,False
GENE_0844,False,False
GENE_0845,False,False
GENE_0846,False,False
GENE_0847,False,False
GENE_0848,False,False
GENE_0849,False,False
GENE_0850,False,False
GENE_0851,False,False
GENE_0852,False,False
GENE_0853,False,False
GENE_0854,False,False
GENE_0855,False,False
GENE_0856,False,False
GENE_0857,False,False
GENE_0858,False,False
GENE_0859,False,False
GENE_0860,False,False
GENE_0861,False,False
GENE_0862,False,False
GENE_0863,False,False
GENE_0864,False,False
GENE_0865,False,False
GENE_0866,False,False
GENE_0867,False,False
GENE_0868,False,False
GENE_0869,False,False
GENE_0870,False,False
GENE_0871,False,False
GENE_0872,False,False
GENE_0873,False,False
GENE_0874,False,False
GENE_0875,False,False
GENE_0876,False,False
GENE_0877,False,False
GENE_0878,False,False
GENE_0879,False,False
GENE_0880,False,False
GENE_0881,False,False
GENE_0882,False,False
GENE_0883,False,False
GENE_0884,False,False
GENE_0885,False,False
GENE_0886,False,False
GENE_0887,False,False
GENE_0888,False,False
GENE_0889,False,False
GENE_0890,False,False
GENE_0891,False,False
GENE_0892,False,False
GENE_0893,False,False
GENE_0894,False,False
GENE_0895,False,False
GENE_0896,False,False
GENE_0897,False,False
GENE_0898,False,False
GENE_0899,False,False
GENE_0900,False,False
GENE_0901,False,False
GENE_0902,False,False
GENE_0903,False,False
GENE_0904,False,False
GENE_0905,False,False
GENE_0906,False,False
GENE_0907,False,False
GENE_0908,False,False
GENE_0909,False,False
GENE_0910,False,False
GENE_0911,False,False
GENE_0912,False,False
GENE_0913,False,False
GENE_0914,False,False
GENE_0915,False,False
GENE_0916,False,False
GENE_0917,False,False
GENE_0918,False,False
GENE_0919,False,False
GENE_0920,False,False
GENE_0921,False,False
GENE_0922,False,False
GENE_0923,False,False
GENE_0924,False,False
GENE_0925,False,False
GENE_0926,False,False
GENE_0927,False,False
GENE_0928,False,False
GENE_0929,False,False
GENE_0930,False,False
GENE_0931,False,False
GENE_0932,False,False
GENE_0933,False,False
GENE_0934,False,False
GENE_0935,False,False
GENE_0936,False,False
GENE_0937,False,False
GENE_0938,False,False
GENE_0939,False,False
GENE_0940,False,False
GENE_0941,False,False
GENE_0942,False,False
GENE_0943,False,False
GENE_0944,False,False
GENE_0945,False,False
GENE_0946,False,False
GENE_0947,False,False
GENE_0948,False,False
GENE_0949,False,False
GENE_0950,False,False
GENE_0951,False,False
GENE_0952,False,False
GENE_0953,False,False
GENE_0954,False,False
GENE_0955,False,False
GENE_0956,False,False
GENE_0957,False,False
GENE_0958,False,False
GENE_0959,False,False
GENE_0960,False,False
GENE_0961,False,False
GENE_0962,False,False
GENE_0963,False,False
GENE_0964,False,False
GENE_0965,False,False
GENE_0966,False,False
GENE_0967,False,False
GENE_0968,False,False
GENE_0969,False,False
GENE_0970,False,False
GENE_0971,False,False
GENE_0972,False,False
GENE_0973,False,False
GENE_0974,False,False
GENE_0975,False,False
GENE_0976,False,False
GENE_0977,False,False
GENE_0978,False,False
GENE_0979,False,False
GENE_0980,False,False
GENE_0981,False,False
GENE_0982,False,False
GENE_0983,False,False
GENE_0984,False,False
GENE_0985,False,False
GENE_0986,False,False
GENE_0987,False,False
GENE_0988,False,False
GENE_0989,False,False
GENE_0990,False,False
GENE_0991,False,False
GENE_0992,False,False
GENE_0993,False,False
GENE_0994,False,False
GENE_0995,False,False
GENE_0996,False,False
GENE_0997,False,False
GENE_0998,False,False
GENE_0999,False,False
GENE_1000,False,False
GENE_1001,False,False
GENE_1002,False,False
GENE_1003,False,False
GENE_1004,False,False
GENE_1005,False,False
GENE_1006,False,False
GENE_1007,False,False
GENE_1008,False,False
GENE_1009,False,False
GENE_1010,False,False
GENE_1011,False,False
GENE_1012,False,False
GENE_1013,False,False
GENE_1014,False,False
GENE_1015,False,False
GENE_1016,False,False
GENE_1017,False,False
GENE_1018,False,False
GENE_1019,False,False
GENE_1020,False,False
GENE_1021,False,False
GENE_1022,False,False
GENE_1023,False,False
GENE_1024,False,False
GENE_1025,False,False
GENE_1026,False,False
GENE_1027,False,False
GENE_1028,False,False
GENE_1029,False,False
GENE_1030,False,False
GENE_1031,False,False
GENE_1032,False,False
GENE_1033,False,False
GENE_1034,False,False
GENE_1035,False,False
GENE_1036,False,False
GENE_1037,False,False
GENE_1038,False,False
GENE_1039,False,False
GENE_1040,False,False
GENE_1041,False,False
GENE_1042,False,False
GENE_1043,False,False
GENE_1044,False,False
GENE_1045,False,False
GENE_1046,False,False
GENE_1047,False,False
GENE_1048,False,False
GENE_1049,False,False
GENE_1050,False,False
GENE_1051,False,False
GENE_1052,False,False
GENE_1053,False,False
GENE_1054,False,False
GENE_1055,False,False
GENE_1056,False,False
GENE_1057,False,False
GENE_1058,False,False
GENE_1059,False,False
GENE_1060,False,False
GENE_1061,False,False
GENE_1062,False,False
GENE_1063,False,False
GENE_1064,False,False
GENE_1065,False,False
GENE_1066,False,False
GENE_1067,False,False
GENE_1068,False,False
GENE_1069,False,False
GENE_1070,False,False
GENE_1071,False,False
GENE_1072,False,False
GENE_1073,False,False
GENE_1074,False,False
GENE_1075,False,False
GENE_1076,False,False
GENE_1077,False,False
GENE_1078,False,False
GENE_1079,False,False
GENE_1080,False,False
GENE_1081,False,False
GENE_1082,False,False
GENE_1083,False,False
GENE_1084,False,False
GENE_1085,False,False
GENE_1086,False,False
GENE_1087,False,False
GENE_1088,False,False
GENE_1089,False,False
GENE_1090,False,False
GENE_1091,False,False
GENE_1092,False,False
GENE_1093,False,False
GENE_1094,False,False
GENE_1095,False,False
GENE_1096,False,False
GENE_1097,False,False
GENE_1098,False,False
GENE_1099,False,False
GENE_1100,False,False
GENE_1101,False,False
GENE_1102,False,False
GENE_1103,False,False
GENE_1104,False,False
GENE_1105,False,False
GENE_1106,False,False
GENE_1107,False,False
GENE_1108,False,False
GENE_1109,False,False
GENE_1110,False,False
GENE_1111,False,False
GENE_1112,False,False
GENE_1113,False,False
GENE_1114,False,False
GENE_1115,False,False
GENE_1116,False,False
GENE_1117,False,False
GENE_1118,False,False
GENE_1119,False,False
GENE_1120,False,False
GENE_1121,False,False
GENE_1122,False,False
GENE_1123,False,False
GENE_1124,False,False
GENE_1125,False,False
GENE_1126,False,False
GENE_1127,False,False
GENE_1128,False,False
GENE_1129,False,False
GENE_1130,False,False
GENE_1131,False,False
GENE_1132,False,False
GENE_1133,False,False
GENE_1134,False,False
GENE_1135,False,False
GENE_1136,False,False
GENE_1137,False,False
GENE_1138,False,False
GENE_1139,False,False
GENE_1140,False,False
GENE_1141,False,False
GENE_1142,False,False
GENE_1143,False,False
GENE_1144,False,False
GENE_1145,False,False
GENE_1146,False,False
GENE_1147,False,False
GENE_1148,False,False
GENE_1149,False,False
GENE_1150,False,False
GENE_1151,False,False
GENE_1152,False,False
GENE_1153,False,False
GENE_1154,False,False
GENE_1155,False,False
GENE_1156,False,False
GENE_1157,False,False
GENE_1158,False,False
GENE_1159,False,False
GENE_1160,False,False
GENE_1161,False,False
GENE_1162,False,False
GENE_1163,False,False
GENE_1164,False,False
GENE_1165,False,False
GENE_1166,False,False
GENE_1167,False,False
GENE_1168,False,False
GENE_1169,False,False
GENE_1170,False,False
GENE_1171,False,False
GENE_1172,False,False
GENE_1173,False,False
GENE_1174,False,False
GENE_1175,False,False
GENE_1176,False,False
GENE_1177,False,False
GENE_1178,False,False
GENE_1179,False,False
GENE_1180,False,False
GENE_1181,False,False
GENE_1182,False,False
GENE_1183,False,False
GENE_1184,False,False
GENE_1185,False,False
GENE_1186,False,False
GENE_1187,False,False
GENE_1188,False,False
GENE_1189,False,False
GENE_1190,False,False
GENE_1191,False,False
GENE_1192,False,False
GENE_1193,False,False
GENE_1194,False,False
GENE_1195,False,False
GENE_1196,False,False
GENE_1197,False,False
GENE_1198,False,False
GENE_1199,False,False
GENE_1200,False,False
GENE_1201,False,False
GENE_1202,False,False
GENE_1203,False,False
GENE_1204,False,False
GENE_1205,False,False
GENE_1206,False,False
GENE_1207,False,False
GENE_1208,False,False
GENE_1209,False,False
GENE_1210,False,False
GENE_1211,False,False
GENE_1212,False,False
GENE_1213,False,False
GENE_1214,False,False
GENE_1215,False,False
GENE_1216,False,False
GENE_1217,False,False
GENE_1218,False,False
GENE_1219,False,False
GENE_1220,False,False
GENE_1221,False,False
GENE_1222,False,False
GENE_1223,False,False
GENE_1224,False,False
GENE_1225,False,False
GENE_1226,False,False
GENE_1227,False,False
GENE_1228,False,False
GENE_1229,False,False
GENE_1230,False,False
GENE_1231,False,False
GENE_1232,False,False
GENE_1233,False,False
GENE_1234,False,False
GENE_1235,False,False
GENE_1236,False,False
GENE_1237,False,False
GENE_1238,False,False
GENE_1239,False,False
GENE_1240,False,False
GENE_1241,False,False
GENE_1242,False,False
GENE_1243,False,False
GENE_1244,False,False
GENE_1245,False,False
GENE_1246,False,False
GENE_1247,False,False
GENE_1248,False,False
GENE_1249,False,False
GENE_1250,False,False
GENE_1251,False,False
GENE_1252,False,False
GENE_1253,False,False
GENE_1254,False,False
GENE_1255,False,False
GENE_1256,False,False
GENE_1257,False,False
GENE_1258,False,False
GENE_1259,False,False
GENE_1260,False,False
GENE_1261,False,False
GENE_1262,False,False
GENE_1263,False,False
GENE_1264,False,False
GENE_1265,False,False
GENE_1266,False,False
GENE_1267,False,False
GENE_1268,False,False
GENE_1269,False,False
GENE_1270,False,False
GENE_1271,False,False
GENE_1272,False,False
GENE_1273,False,False
GENE_1274,False,False
GENE_1275,False,False
GENE_1276,False,False
GENE_1277,False,False
GENE_1278,False,False
GENE_1279,False,False
GENE_1280,False,False
GENE_1281,False,False
GENE_1282,False,False
GENE_1283,False,False
GENE_1284,False,False
GENE_1285,False,False
GENE_1286,False,False
GENE_1287,False,False
GENE_1288,False,False
GENE_1289,False,False
GENE_1290,False,False
GENE_1291,False,False
GENE_1292,False,False
GENE_1293,False,False
GENE_1294,False,False
GENE_1295,False,False
GENE_1296,False,False
GENE_1297,False,False
GENE_1298,False,False
GENE_1299,False,False
GENE_1300,False,False
GENE_1301,False,False
GENE_1302,False,False
GENE_1303,False,False
GENE_1304,False,False
GENE_1305,False,False
GENE_1306,False,False
GENE_1307,False,False
GENE_1308,False,False
GENE_1309,False,False
GENE_1310,False,False
GENE_1311,False,False
GENE_1312,False,False
GENE_1313,False,False
GENE_1314,False,False
GENE_1315,False,False
GENE_1316,False,False
GENE_1317,False,False
GENE_1318,False,False
GENE_1319,False,False
GENE_1320,False,False
GENE_1321,False,False
GENE_1322,False,False
GENE_1323,False,False
GENE_1324,False,False
GENE_1325,False,False
GENE_1326,False,False
GENE_1327,False,False
GENE_1328,False,False
GENE_1329,False,False
GENE_1330,False,False
GENE_1331,False,False
GENE_1332,False,False
GENE_1333,False,False
GENE_1334,False,False
GENE_1335,False,False
GENE_1336,False,False
GENE_1337,False,False
GENE_1338,False,False
GENE_1339,False,False
GENE_1340,False,False
GENE_1341,False,False
GENE_1342,False,False
GENE_1343,False,False
GENE_1344,False,False
GENE_1345,False,False
GENE_1346,False,False
GENE_1347,False,False
GENE_1348,False,False
GENE_1349,False,False
GENE_1350,False,False
GENE_1351,False,False
GENE_1352,False,False
GENE_1353,False,False
GENE_1354,False,False
GENE_1355,False,False
GENE_1356,False,False
GENE_1357,False,False
GENE_1358,False,False
GENE_1359,False,False
GENE_1360,False,False
GENE_1361,False,False
GENE_1362,False,False
GENE_1363,False,False
GENE_1364,False,False
GENE_1365,False,False
GENE_1366,False,False
GENE_1367,False,False
GENE_1368,False,False
GENE_1369,False,False
GENE_1370,False,False
GENE_1371,False,False
GENE_1372,False,False
GENE_1373,False,False
GENE_1374,False,False
GENE_1375,False,False
GENE_1376,False,False
GENE_1377,False,False
GENE_1378,False,False
GENE_1379,False,False
GENE_1380,False,False
GENE_1381,False,False
GENE_1382,False,False
GENE_1383,False,False
GENE_1384,False,False
GENE_1385,False,False
GENE_1386,False,False
GENE_1387,False,False
GENE_1388,False,False
GENE_1389,False,False
GENE_1390,False,False
GENE_1391,False,False
GENE_1392,False,False
GENE_1393,False,False
GENE_1394,False,False
GENE_1395,False,False
GENE_1396,False,False
GENE_1397,False,False
GENE_1398,False,False
GENE_1399,False,False
GENE_1400,False,False
GENE_1401,False,False
GENE_1402,False,False
GENE_1403,False,False
GENE_1404,False,False
GENE_1405,False,False
GENE_1406,False,False
GENE_1407,False,False
GENE_1408,False,False
GENE_1409,False,False
GENE_1410,False,False
GENE_1411,False,False
GENE_1412,False,False
GENE_1413,False,False
GENE_1414,False,False
GENE_1415,False,False
GENE_1416,False,False
GENE_1417,False,False
GENE_1418,False,False
GENE_1419,False,False
GENE_1420,False,False
GENE_1421,False,False
GENE_1422,False,False
GENE_1423,False,False
GENE_1424,False,False
GENE_1425,False,False
GENE_1426,False,False
GENE_1427,False,False
GENE_1428,False,False
GENE_1429,False,False
GENE_1430,False,False
GENE_1431,False,False
GENE_1432,False,False
GENE_1433,False,False
GENE_1434,False,False
GENE_1435,False,False
GENE_1436,False,False
GENE_1437,False,False
GENE_1438,False,False
GENE_1439,False,False
GENE_1440,False,False
GENE_1441,False,False
GENE_1442,False,False
GENE_1443,False,False
GENE_1444,False,False
GENE_1445,False,False
GENE_1446,False,False
GENE_1447,False,False
GENE_1448,False,False
GENE_1449,False,False
GENE_1450,False,False
GENE_1451,False,False
GENE_1452,False,False
GENE_1453,False,False
GENE_1454,False,False
GENE_1455,False,False
GENE_1456,False,False
GENE_1457,False,False
GENE_1458,False,False
GENE_1459,False,False
GENE_1460,False,False
GENE_1461,False,False
GENE_1462,False,False
GENE_1463,False,False
GENE_1464,False,False
GENE_1465,False,False
GENE_1466,False,False
GENE_1467,False,False
GENE_1468,False,False
GENE_1469,False,False
GENE_1470,False,False
GENE_1471,False,False
GENE_1472,False,False
GENE_1473,False,False
GENE_1474,False,False
GENE_1475,False,False
GENE_1476,False,False
GENE_1477,False,False
GENE_1478,False,False
GENE_1479,False,False
GENE_1480,False,False
GENE_1481,False,False
GENE_1482,False,False
GENE_1483,False,False
GENE_1484,False,False
GENE_1485,False,False
GENE_1486,False,False
GENE_1487,False,False
GENE_1488,False,False
GENE_1489,False,False
GENE_1490,False,False
GENE_1491,False,False
GENE_1492,False,False
GENE_1493,False,False
GENE_1494,False,False
GENE_1495,False,False
GENE_1496,False,False
GENE_1497,False,False
GENE_1498,False,False
GENE_1499,False,False
GENE_1500,False,False
GENE_1501,False,False
GENE_1502,False,False
GENE_1503,False,False
GENE_1504,False,False
GENE_1505,False,False
GENE_1506,False,False
GENE_1507,False,False
GENE_1508,False,False
GENE_1509,False,False
GENE_1510,False,False
GENE_1511,False,False
GENE_1512,False,False
GENE_1513,False,False
GENE_1514,False,False
GENE_1515,False,False
GENE_1516,False,False
GENE_1517,False,False
GENE_1518,False,False
GENE_1519,False,False
GENE_1520,False,False
GENE_1521,False,False
GENE_1522,False,False
GENE_1523,False,False
GENE_1524,False,False
GENE_1525,False,False
GENE_1526,False,False
GENE_1527,False,False
GENE_1528,False,False
GENE_1529,False,False
GENE_1530,False,False
GENE_1531,False,False
GENE_1532,False,False
GENE_1533,False,False
GENE_1534,False,False
GENE_1535,False,False
GENE_1536,False,False
GENE_1537,False,False
GENE_1538,False,False
GENE_1539,False,False
GENE_1540,False,False
GENE_1541,False,False
GENE_1542,False,False
GENE_1543,False,False
GENE_1544,False,False
GENE_1545,False,False
GENE_1546,False,False
GENE_1547,False,False
GENE_1548,False,False
GENE_1549,False,False
GENE_1550,False,False
GENE_1551,False,False
GENE_1552,False,False
GENE_1553,False,False
GENE_1554,False,False
GENE_1555,False,False
GENE_1556,False,False
GENE_1557,False,False
GENE_1558,False,False
GENE_1559,False,False
GENE_1560,False,False
GENE_1561,False,False
GENE_1562,False,False
GENE_1563,False,False
GENE_1564,False,False
GENE_1565,False,False
GENE_1566,False,False
GENE_1567,False,False
GENE_1568,False,False
GENE_1569,False,False
GENE_1570,False,False
GENE_1571,False,False
GENE_1572,False,False
GENE_1573,False,False
GENE_1574,False,False
GENE_1575,False,False
GENE_1576,False,False
GENE_1577,False,False
GENE_1578,False,False
GENE_1579,False,False
GENE_1580,False,False
GENE_1581,False,False
GENE_1582,False,False
GENE_1583,False,False
GENE_1584,False,False
GENE_1585,False,False
GENE_1586,False,False
GENE_1587,False,False
GENE_1588,False,False
GENE_1589,False,False
GENE_1590,False,False
GENE_1591,False,False
GENE_1592,False,False
GENE_1593,False,False
GENE_1594,False,False
GENE_1595,False,False
GENE_1596,False,False
GENE_1597,False,False
GENE_1598,False,False
GENE_1599,False,False
GENE_1600,False,False
GENE_1601,False,False
GENE_1602,False,False
GENE_1603,False,False
GENE_1604,False,False
GENE_1605,False,False
GENE_1606,False,False
GENE_1607,False,False
GENE_1608,False,False
GENE_1609,False,False
GENE_1610,False,False
GENE_1611,False,False
GENE_1612,False,False
GENE_1613,False,False
GENE_1614,False,False
GENE_1615,False,False
GENE_1616,False,False
GENE_1617,False,False
GENE_1618,False,False
GENE_1619,False,False
GENE_1620,False,False
GENE_1621,False,False
GENE_1622,False,False
GENE_1623,False,False
GENE_1624,False,False
GENE_1625,False,False
GENE_1626,False,False
GENE_1627,False,False
GENE_1628,False,False
GENE_1629,False,False
GENE_1630,False,False
GENE_1631,False,False
GENE_1632,False,False
GENE_1633,False,False
GENE_1634,False,False
GENE_1635,False,False
GENE_1636,False,False
GENE_1637,False,False
GENE_1638,False,False
GENE_1639,False,False
GENE_1640,False,False
GENE_1641,False,False
GENE_1642,False,False
GENE_1643,False,False
GENE_1644,False,False
GENE_1645,False,False
GENE_1646,False,False
GENE_1647,False,False
GENE_1648,False,False
GENE_1649,False,False
GENE_1650,False,False
GENE_1651,False,False
GENE_1652,False,False
GENE_1653,False,False
GENE_1654,False,False
GENE_1655,False,False
GENE_1656,False,False
GENE_1657,False,False
GENE_1658,False,False
GENE_1659,False,False
GENE_1660,False,False
GENE_1661,False,False
GENE_1662,False,False
GENE_1663,False,False
GENE_1664,False,False
GENE_1665,False,False
GENE_1666,False,False
GENE_1667,False,False
GENE_1668,False,False
GENE_1669,False,False
GENE_1670,False,False
GENE_1671,False,False
GENE_1672,False,False
GENE_1673,False,False
GENE_1674,False,False
GENE_1675,False,False
GENE_1676,False,False
GENE_1677,False,False
GENE_1678,False,False
GENE_1679,False,False
GENE_1680,False,False
GENE_1681,False,False
GENE_1682,False,False
GENE_1683,False,False
GENE_1684,False,False
GENE_1685,False,False
GENE_1686,False,False
GENE_1687,False,False
GENE_1688,False,False
GENE_1689,False,False
GENE_1690,False,False
GENE_1691,False,False
GENE_1692,False,False
GENE_1693,False,False
GENE_1694,False,False
GENE_1695,False,False
GENE_1696,False,False
GENE_1697,False,False
GENE_1698,False,False
GENE_1699,False,False
GENE_1700,False,False
GENE_1701,False,False
GENE_1702,False,False
GENE_1703,False,False
GENE_1704,False,False
GENE_1705,False,False
GENE_1706,False,False
GENE_1707,False,False
GENE_1708,False,False
GENE_1709,False,False
GENE_1710,False,False
GENE_1711,False,False
GENE_1712,False,False
GENE_1713,False,False
GENE_1714,False,False
GENE_1715,False,False
GENE_1716,False,False
GENE_1717,False,False
GENE_1718,False,False
GENE_1719,False,False
GENE_1720,False,False
GENE_1721,False,False
GENE_1722,False,False
GENE_1723,False,False
GENE_1724,False,False
GENE_1725,False,False
GENE_1726,False,False
GENE_1727,False,False
GENE_1728,False,False
GENE_1729,False,False
GENE_1730,False,False
GENE_1731,False,False
GENE_1732,False,False
GENE_1733,False,False
GENE_1734,False,False
GENE_1735,False,False
GENE_1736,False,False
GENE_1737,False,False
GENE_1738,False,False
GENE_1739,False,False
GENE_1740,False,False
GENE_1741,False,False
GENE_1742,False,False
GENE_1743,False,False
GENE_1744,False,False
GENE_1745,False,False
GENE_1746,False,False
GENE_1747,False,False
GENE_1748,False,False
GENE_1749,False,False
GENE_1750,False,False
GENE_1751,False,False
GENE_1752,False,False
GENE_1753,False,False
GENE_1754,False,False
GENE_1755,False,False
GENE_1756,False,False
GENE_1757,False,False
GENE_1758,False,False
GENE_1759,False,False
GENE_1760,False,False
GENE_1761,False,False
GENE_1762,False,False
GENE_1763,False,False
GENE_1764,False,False
GENE_1765,False,False
GENE_1766,False,False
GENE_1767,False,False
GENE_1768,False,False
GENE_1769,False,False
GENE_1770,False,False
GENE_1771,False,False
GENE_1772,False,False
GENE_1773,False,False
GENE_1774,False,False
GENE_1775,False,False
GENE_1776,False,False
GENE_1777,False,False
GENE_1778,False,False
GENE_1779,False,False
GENE_1780,False,False
GENE_1781,False,False
GENE_1782,False,False
GENE_1783,False,False
GENE_1784,False,False
GENE_1785,False,False
GENE_1786,False,False
GENE_1787,False,False
GENE_1788,False,False
GENE_1789,False,False
GENE_1790,False,False
GENE_1791,False,False
GENE_1792,False,False
GENE_1793,False,False
GENE_1794,False,False
GENE_1795,False,False
GENE_1796,False,False
GENE_1797,False,False
GENE_1798,False,False
GENE_1799,False,False
GENE_1800,False,False
GENE_1801,False,False
GENE_1802,False,False
GENE_1803,False,False
GENE_1804,False,False
GENE_1805,False,False
GENE_1806,False,False
GENE_1807,False,False
GENE_1808,False,False
GENE_1809,False,False
GENE_1810,False,False
GENE_1811,False,False
GENE_1812,False,False
GENE_1813,False,False
GENE_1814,False,False
GENE_1815,False,False
GENE_1816,False,False
GENE_1817,False,False
GENE_1818,False,False
GENE_1819,False,False
GENE_1820,False,False
GENE_1821,False,False
GENE_1822,False,False
GENE_1823,False,False
GENE_1824,False,False
GENE_1825,False,False
GENE_1826,False,False
GENE_1827,False,False
GENE_1828,False,False
GENE_1829,False,False
GENE_1830,False,False
GENE_1831,False,False
GENE_1832,False,False
GENE_1833,False,False
GENE_1834,False,False
GENE_1835,False,False
GENE_1836,False,False
GENE_1837,False,False
GENE_1838,False,False
GENE_1839,False,False
GENE_1840,False,False
GENE_1841,False,False
GENE_1842,False,False
GENE_1843,False,False
GENE_1844,False,False
GENE_1845,False,False
GENE_1846,False,False
GENE_1847,False,False
GENE_1848,False,False
GENE_1849,False,False
GENE_1850,False,False
GENE_1851,False,False
GENE_1852,False,False
GENE_1853,False,False
GENE_1854,False,False
GENE_1855,False,False
GENE_1856,False,False
GENE_1857,False,False
GENE_1858,False,False
GENE_1859,False,False
GENE_1860,False,False
GENE_1861,False,False
GENE_1862,False,False
GENE_1863,False,False
GENE_1864,False,False
GENE_1865,False,False
GENE_1866,False,False
GENE_1867,False,False
GENE_1868,False,False
GENE_1869,False,False
GENE_1870,False,False
GENE_1871,False,False
GENE_1872,False,False
GENE_1873,False,False
GENE_1874,False,False
GENE_1875,False,False
GENE_1876,False,False
GENE_1877,False,False
GENE_1878,False,False
GENE_1879,False,False
GENE_1880,False,False
GENE_1881,False,False
GENE_1882,False,False
GENE_1883,False,False
GENE_1884,False,False
GENE_1885,False,False
GENE_1886,False,False
GENE_1887,False,False
GENE_1888,False,False
GENE_1889,False,False
GENE_1890,False,False
GENE_1891,False,False
GENE_1892,False,False
GENE_1893,False,False
GENE_1894,False,False
GENE_1895,False,False
GENE_1896,False,False
GENE_1897,False,False
GENE_1898,False,False
GENE_1899,False,False
GENE_1900,False,False
GENE_1901,False,False
GENE_1902,False,False
GENE_1903,False,False
GENE_1904,False,False
GENE_1905,False,False
GENE_1906,False,False
GENE_1907,False,False
GENE_1908,False,False
GENE_1909,False,False
GENE_1910,False,False
GENE_1911,False,False
GENE_1912,False,False
GENE_1913,False,False
GENE_1914,False,False
GENE_1915,False,False
GENE_1916,False,False
GENE_1917,False,False
GENE_1918,False,False
GENE_1919,False,False
GENE_1920,False,False
GENE_1921,False,False
GENE_1922,False,False
GENE_1923,False,False
GENE_1924,False,False
GENE_1925,False,False
GENE_1926,False,False
GENE_1927,False,False
GENE_1928,False,False
GENE_1929,False,False
GENE_1930,False,False
GENE_1931,False,False
GENE_1932,False,False
GENE_1933,False,False
GENE_1934,False,False
GENE_1935,False,False
GENE_1936,False,False
GENE_1937,False,False
GENE_1938,False,False
GENE_1939,False,False
GENE_1940,False,False
GENE_1941,False,False
GENE_1942,False,False
GENE_1943,False,False
GENE_1944,False,False
GENE_1945,False,False
GENE_1946,False,False
GENE_1947,False,False
GENE_1948,False,False
GENE_1949,False,False
GENE_1950,False,False
GENE_1951,False,False
GENE_1952,False,False
GENE_1953,False,False
GENE_1954,False,False
GENE_1955,False,False
GENE_1956,False,False
GENE_1957,False,False
GENE_1958,False,False
GENE_1959,False,False
GENE_1960,False,False
GENE_1961,False,False
GENE_1962,False,False
GENE_1963,False,False
GENE_1964,False,False
GENE_1965,False,False
GENE_1966,False,False
GENE_1967,False,False
GENE_1968,False,False
GENE_1969,False,False
GENE_1970,False,False
GENE_1971,False,False
GENE_1972,False,False
GENE_1973,False,False
GENE_1974,False,False
GENE_1975,False,False
GENE_1976,False,False
GENE_1977,False,False
GENE_1978,False,False
GENE_1979,False,False
GENE_1980,False,False
GENE_1981,False,False
GENE_1982,False,False
GENE_1983,False,False
GENE_1984,False,False
GENE_1985,False,False
GENE_1986,False,False
GENE_1987,False,False
GENE_1988,False,False
GENE_1989,False,False
GENE_1990,False,False
GENE_1991,False,False
GENE_1992,False,False
GENE_1993,False,False
GENE_1994,False,False
GENE_1995,False,False
GENE_1996,False,False
GENE_1997,False,False
GENE_1998,False,False
GENE_1999,False,False
MT-CO1,False,True
MT-CO2,False,True
MT-ND1,False,True
MT-ND2,False,True
MT-ATP6,False,True
